{"last_tab":"1","academix_preloader_visibility":"1","academix_preloader_bg_color":"","academix_page_layout_style":"1","academix_box_layout_background_type":"1","academix_box_layout_bg_image":{"url":"","id":"","height":"","width":"","thumbnail":""},"academix_box_layout_bg_color":"#ffffff","academix_page_padding":{"units":"px","padding-top":"0","padding-bottom":"0"},"academix_global_link_color":"","academix_global_link_hover_font_color":"","academix_global_link_bg_color":"","academix_global_link_bg_font_color":"","academix_global_link_hover_bg_color":"","academix_global_link_hover_bg_font_color":"","academix_website_logo_type":"1","academix_website_image_logo":{"url":"https:\/\/eacademix.wpcolorlab.com\/wp-content\/uploads\/2022\/03\/image.png","id":"1988","height":"50","width":"213","thumbnail":"https:\/\/eacademix.wpcolorlab.com\/wp-content\/uploads\/2022\/03\/image-150x50.png"},"academix_site_image_logo_dimensions":{"width":"","height":"","units":"px"},"academix_website_text_logo":"academix","academix_text_logo_color":"#000","academix_menu_type":"1","academix_main_menu_padding":{"units":"px","padding-top":"0","padding-bottom":"0"},"academix_main_menu_item_padding":{"units":"px","padding-top":"15px","padding-right":"15px","padding-bottom":"15px","padding-left":"15px"},"academix_main_menu_dropdown_width":{"width":"210px","units":"px"},"academix_main_menu_dropdown_item_padding":{"units":"px","padding-top":"10px","padding-right":"15px","padding-bottom":"10px","padding-left":"15px"},"academix_main_menu_font_typo":{"font-family":"Montserrat","font-options":"","google":"1","font-weight":"400","font-style":"","subsets":"","font-size":"12px","line-height":"20px"},"academix_main_menu_bg_color":"#fff","academix_main_menu_f_color":"#000","academix_main_menu_f_hover_color":"#000","academix_main_menu_itam_border":{"border-top":"","border-right":"","border-bottom":"","border-left":"","border-style":"solid","border-color":""},"academix_main_menu_active_itam_border":{"border-top":"","border-right":"","border-bottom":"","border-left":"","border-style":"solid","border-color":""},"academix_main_menu_dropdown_top_border":"","academix_main_menu_dropdown_item_border":{"border-top":"","border-right":"","border-bottom":"","border-left":"","border-style":"solid","border-color":""},"academix_main_menu_dropdown_bg_color":"#fff","academix_main_menu_dropdown_f_color":"#000000","academix_main_menu_dropdown_f_hover_color":"#000000","academix_mobile_menu_logo_dimensions":{"width":"","height":"","units":"px"},"academix_mobile_menu_padding":{"units":"px","padding-top":"0","padding-bottom":"0"},"academix_mobile_menu_item_padding":{"units":"px","padding-top":"8px","padding-right":"","padding-bottom":"","padding-left":"15px"},"academix_mobile_menu_dropdown_item_padding":{"units":"px","padding-top":"8px","padding-right":"","padding-bottom":"","padding-left":""},"academix_mobile_menu_font_typo":{"font-family":"Montserrat","font-options":"","google":"1","font-weight":"400","font-style":"","subsets":"","font-size":"12px","line-height":"26px"},"academix_mobile_menu_icon_bg_color":"","academix_mobile_menu_icon_close_bg_color":"","academix_mobile_menu_expand_bg_color":"","academix_mobile_menu_expand_icon_color":"","academix_mobile_menu_bg_color":"#fff","academix_mobile_menu_f_color":"#000","academix_mobile_menu_f_hover_color":"#000","academix_mobile_menu_itam_border":{"border-top":"","border-right":"","border-bottom":"","border-left":"","border-style":"solid","border-color":""},"academix_mobile_menu_dropdown_bg_color":"#fff","academix_mobile_menu_dropdown_f_color":"#000000","academix_mobile_menu_dropdown_f_hover_color":"#000000","academix_display_main_menu_btn":"1","academix_main_menu_btn_text":"Join Research","academix_main_menu_btn_link":"#","academix_main_menu_button_font_size":{"font-size":"14px"},"academix_btn_bg_color":"","academix_btn_border_color":{"border-top":"","border-right":"","border-bottom":"","border-left":"","border-style":"solid","border-color":""},"academix_btn_font_color":"","academix_btn_hover_bg_color":"","academix_btn_hover_border_color":{"border-top":"","border-right":"","border-bottom":"","border-left":"","border-style":"solid","border-color":""},"academix_btn_hover_font_color":"","academix_display_page_banner":"1","academix_display_page_banner_on_mobile":"1","academix_page_banner_height":{"height":"","units":"px"},"academix_page_banner_bg_color":"","academix_page_banner_title_bg_color":{"color":"","alpha":"","rgba":""},"academix_page_banner_font_color":"#ffffff","academix_display_page_breadcrumbs":"1","academix_display_page_breadcrumbs_on_mobile":"1","academix_page_breadcrumbs_separator":"\/","academix_page_breadcrumbs_padding":{"units":"px","padding-top":"8px","padding-right":"15px","padding-bottom":"8px","padding-left":"15px"},"academix_page_breadcrumbs_bg_color":"#EDF2F6","academix_page_breadcrumbs_font_color":"","academix_page_breadcrumbs_font_active_color":"#000000","academix_page_breadcrumbs_separator_color":"#000","academix_display_event_gallery":"1","academix_event_gallery_title_text":"From Media","academix_display_blog_banner":"1","academix_display_blog_banner_on_mobile":"1","academix_blog_banner_bg_color":"","academix_blog_banner_title_bg_color":{"color":"","alpha":"","rgba":""},"academix_page_banner_font_typo":{"font-family":"Montserrat","font-options":"","google":"1","font-weight":"700","font-style":"","subsets":"","font-size":"28px","line-height":"40px"},"academix_blog_banner_font_color":"#ffffff","academix_display_blog_breadcrumbs":"1","academix_display_blog_breadcrumbs_on_mobile":"1","academix_blog_breadcrumbs_separator":"\/","academix_blog_breadcrumbs_padding":{"units":"px","padding-top":"8px","padding-right":"15px","padding-bottom":"8px","padding-left":"15px"},"academix_blog_breadcrumbs_bg_color":"#EDF2F6","academix_blog_breadcrumbs_font_color":"","academix_blog_breadcrumbs_font_active_color":"#000","academix_blog_breadcrumbs_separator_color":"#000","academix_blog_page_title":"Blog","academix_blog_read_more":"Read More","academix_blog_sidebar":"right","academix_single_blog_sidebar":"right","academix_archive_sidebar":"right","academix_search_sidebar":"right","academix_page_sidebar":"no-sidebar","academix_display_footer_widgets":"1","academix_footer_column_layout":"4","display_academix_footer_width":"0","academix_footer_widgets_padding":{"units":"px","padding-top":"55px","padding-bottom":"55px"},"academix_footer_widgets_banner_bg_type":["1","2"],"academix_footer_widgets_bg_image":{"url":"https:\/\/eacademix.wpcolorlab.com\/wp-content\/uploads\/2022\/03\/footer_bg.jpeg","id":"2980","height":"266","width":"45","thumbnail":"https:\/\/eacademix.wpcolorlab.com\/wp-content\/uploads\/2022\/03\/footer_bg-45x150.jpeg"},"academix_footer_widgets_bg_color":"#EDF2F6","academix_footer_heading_typography":{"font-family":"Montserrat","font-options":"","google":"1","font-weight":"700","font-style":"","subsets":"","font-size":"16px","line-height":"20px"},"academix_footer_text_typography":{"font-family":"Open Sans","font-options":"","google":"1","subsets":"","font-size":"14px","line-height":"25px"},"academix_footer_heading_color":"#000","academix_footer_font_color":"","academix_footer_link_color":"","academix_footer_link_hover_color":"","academix_display_left_footer_copyright":"1","academix_display_right_footer_copyright":"1","academix_copyright_left_text":"Copyright\u00a9 2017 - <a href=\"https:\/\/themeforest.net\/user\/webtechtoday\/\">Academix Research Group<\/a>","academix_copyright_right_text":"Developed and Managed by: <a href=\"https:\/\/themeforest.net\/user\/webtechtoday\/\">Webtechtoday<\/a>","academix_copyright_padding":{"units":"px","padding-top":"20px","padding-bottom":"20px"},"academix_copyright_font_typo":{"font-family":"Open Sans","font-options":"","google":"1","font-weight":"400","font-style":"","subsets":"","font-size":"12px","line-height":"25px"},"academix_copyright_bg_color":"#e6ebef","academix_copyright_f_color":"#000","academix_copyright_link_color":"","academix_copyright_link_hover_color":"","academix_full_body_typography":{"font-family":"Open Sans","font-options":"","google":"1","font-weight":"400","font-style":"","text-align":"","font-size":"14px","line-height":"25.032px","color":"#000000"},"academix_link_color":{"regular":"#D30015","hover":"#D30015","active":"#D30015"},"academix_h_one_typo":{"font-family":"Montserrat","font-options":"","google":"1","font-weight":"700","font-style":"","text-align":"","font-size":"","line-height":"","color":"#111"},"academix_h_two_typo":{"font-family":"Montserrat","font-options":"","google":"1","font-weight":"700","font-style":"","text-align":"","font-size":"","line-height":"","color":""},"academix_h_three_typo":{"font-family":"Montserrat","font-options":"","google":"1","font-weight":"700","font-style":"","text-align":"","font-size":"24px","line-height":"20px","color":"#000"},"academix_h_four_typo":{"font-family":"Montserrat","font-options":"","google":"1","font-weight":"700","font-style":"","text-align":"","font-size":"18px","line-height":"20px","color":"#000"},"academix_h_five_typo":{"font-family":"Montserrat","font-options":"","google":"1","font-weight":"700","font-style":"","text-align":"","font-size":"14px","line-height":"20px","color":"#000"},"academix_h_six_typo":{"font-family":"Montserrat","font-options":"","google":"1","font-weight":"700","font-style":"","text-align":"","font-size":"12px","line-height":"20px","color":"#000"},"academix_global_palette_color":"","redux-backup":1}